focal_entity,candidate_entity,label
y740 legion 15 inch gaming laptop,"Lenovo Legion 15.6"" FHD Backlit Gaming Laptop | Intel Core i7-10750H | 32GB DDR4 RAM | 1TB SSD | GeForce GTX 1650 Ti | Backlit Keyboard | USB-C | HDMI | Windows 10 | with Wireless Mouse Bundle",True
y740 legion 15 inch gaming laptop,"Razer Blade 15 Advanced Gaming Laptop 2021: Intel Core i9-11900H 8-Core, NVIDIA GeForce RTX 3080, 15.6” 4K OLED, 32GB RAM, 1TB SSD - CNC Aluminum - Chroma RGB - THX Spatial Audio - Thunderbolt 4",True
y740 legion 15 inch gaming laptop,"LG LCD Laptop 16"" WGXGA (2560x1600) Ultra-Lightweight (2.6 lbs), 11th gen CORE i7, 16GB RAM, 256GB SSD, C Port, USB-A, HDMI, microSD, Audi Jack, 22 Hr Battery Life - Black 2021, Alexa Built-in",False
y740 legion 15 inch gaming laptop,"Lenovo Legion 5 Gaming Laptop, 15.6"" FHD IPS Display, AMD Ryzen 5 4600H, Webcam, Backlit Keyboard, Wi-Fi 6, USB-C, HDMI, GeForce GTX 1650 Ti, Windows 10 Home, 8GB Memory, 256GB PCIe SSD + 1TB HDD",False
tv 4k philips,"Philips 5500 Series 24PFS5525/12 TV 61 cm (24"") Full HD Plata 5500 Series 24PFS5525/12, 61 cm (24""), 1920 x 1080 Pixeles, Full HD, LED, DVB-C,DVB-S,DVB-S2,DVB-T,DVB-T2,DVB-T2 HD, Plata",True
tv 4k philips,"Samsung Crystal UHD 2020 43TU7095 - Smart TV de 43"", 4K, HDR 10+, Procesador 4K, PurColor, Sonido Inteligente, Función One Remote Control y Compatible Asistentes de Voz, Compatible con Alexa",True
tv 4k philips,"TELEVISOR PHILIPS 43PUS8555 - 43""/108CM - 3840*2160 4K - AMBILIGHT*3 - HDR10+ - DVB-T/T2/T2-HD/C/S/S2 - ANDROID TV - 20W - WIFI - BT - 4*HDMI - 2*USB",False
tv 4k philips,"TV LED 65"" PHILIPS 65PUS8555/12 4K UHD,AMBILIGHT 3 LADOS",False
air dior jordan 1,"Nike Mens Air Jordan 1 Mid ""Chicago Black Toe"" Basketball Sneakers (9)",True
air dior jordan 1,AIR JORDAN 1 Retro High Og Smoke Grey 10,True
air dior jordan 1,"Nike Men's Air Jordan 1 Mid Light Smoke Grey, Light Smoke Grey/Black/White, 13",False
air dior jordan 1,Jordan Mens Air Jordan 1 Retro High CO.JP DC1788 029 Metallic Silver - Size 9,False
biomemd probiotic and prebiotic for women,"Probiotics for Women and Men Digestive Health - Raw Prebiotics and Probiotics, Probiotics 60 Billion, 19 Strains Acidophilus Probiotic Supplement for Gut Health & Weight Loss, Shelf Stable; 60 Caps",True
biomemd probiotic and prebiotic for women,1MD Nutrition PreBioMD - Prebiotic with PreforPro® | Support Healthy Digestion and Beneficial Bacteria,True
biomemd probiotic and prebiotic for women,"Doctor's Recipes Women’s Probiotic, 60 Caps 50 Billion CFU 16 Strains, with Organic Prebiotics Cranberry, Digestive Immune Vaginal & Urinary Health, Shelf Stable, Delayed Release, No Soy Gluten Dairy",True
biomemd probiotic and prebiotic for women,"1MD BiomeMD Probiotics for Women - 62 Billion CFUs, 16 Strains with Prebiotics with HMO | Supports Vaginal & Urinary Health - Doctor-Formulated | 30 Capsules",True
cascos a50 astro gaming,"Cascos Auriculares, YINSAN Auriculares Gaming Estéreo da 3,5 mm Jack con Micrófono Flexible y Luz LED RGB, Cascos Gaming Profesionales para PS4 Xbox One Nintendo Switch PC Playstation 4",False
cascos a50 astro gaming,"Razer Kraken X USB - Auriculares Gaming con sonido envolvente digital 7.1, micrófono cardioide plegable, comodidad ligera, Negro (USB)",True
cascos a50 astro gaming,"ASTRO Gaming A50 Base de Carga de 4a Generación para PS5, PS4, PC - Negro",False
cascos a50 astro gaming,Astro Gaming A50 Auriculares Inalámbricos para Gaming Y Estación-Base De Carga + A50 Auriculares Inalámbricos Mod Kit Gen 4 para Aislamiento De Ruido,False
panda crate toys 0-24,"Matty's Toy Stop EVA Foam Soft Shape Sorter 5.5"" Cube for Babies & Toddlers (Bright Colors)",True
panda crate toys 0-24,Adena Montessori Object Permanence Box with Tray Three Balls Montessori Toys for 6-12 Month Infant 1 Year Babies Toddlers,True
panda crate toys 0-24,"horsemen Dog Chew Toy Squeaky, Durable Natural Rubber Dog Teeth Cleaning Toothbrush for All Aggressive Chewers Small/Medium Dogs Puppy (Green)",False
panda crate toys 0-24,"Fisher-Price Roll, Pop & Zoom Friends Gift Set, 3 Animal-Themed, Crawl-After Toy Vehicles for Infants Ages 9 Months and Older",False
omega seamaster 300m,Tissot mens Seastar 660/1000 Stainless Steel Casual Watch Grey T1204171104100,False
omega seamaster 300m,Tissot Men's Seastar 660/1000 Stainless Steel Casual Watch Black T1204171704100,False
omega seamaster 300m,Omega Seamaster Diver Master Co-axial 210.30.42.20.03.001,False
omega seamaster 300m,"Omega Seamaster Diver""007 Edition"" Automatic Chronometer Brown Dial Mens Watch 210.92.42.20.01.001",False
mouse razer deathadder,"Redragon M711-FPS Cobra FPS Ratón Gaming RGB Personalizable, Sensor óptico Profesional Pixart PMW3360, Interruptores ÓPTICOS LK, 8 Botones Programables, Memoria integrada, Cable mallado, PC compatible",True
mouse razer deathadder,"LIONCAST Ratón de Juegos LM40 WL Wireless para Juego inalámbrico (Sensor óptico RGB PMW3360, 12 000 dpi, batería de Iones de Litio, Modo Dual con Cable)",True
mouse razer deathadder,Razer DeathAdder Essential - Ratón óptico para juegos,False
mouse razer deathadder,"Glorious PC Gaming Race Model D Gaming-Maus - Blanco Mate, GD-White",True
marcy mwm-990 home gym,"Marcy Power Tower Multi-Grip Pull Up & Dip Station VKR Home Gym TC-3515 BLACK, 74 pounds",False
marcy mwm-990 home gym,"Marcy Home Gym Cage System Workout Station for Weightlifting, Bodybuilding and Strength Training MWM-7041",True
marcy mwm-990 home gym,"Marcy Foldable 8-Level Magnetic Resistance Rowing Machine with Transport Wheels NS-40503RW,Grey",False
marcy mwm-990 home gym,"BalanceFrom-Home-Gym-System Workout-Station with 380LB of Resistance, 145LB-Weight Stack, Comes with Installation Instruction-Video",True
yamaha jr1,"Ibanez 3/4 Mini Dreadnought Acoustic Guitar, Open Pore Natural",True
yamaha jr1,J&Z Classical Acoustic Guitar for Beginners Professional 36 Inch 3/4 Size Kid Teenager Student Guitar Guitarra Acustica Soft Nylon Strings Guitar With Bag Strap Clip Tuner Picks and Wipe for Ages 5-15,True
yamaha jr1,"Yamaha JR1 1/2-Scale Mini Acoustic Guitar Bundle with Strings, Picks, Austin Bazaar Instructional DVD, and Polishing Cloth",False
yamaha jr1,"Yamaha JR1 Junior-Size 3/4-Size Acoustic Guitar Bundle with Gig Bag, Tuner, Strap, Strings, Picks, Instructional DVD, and Austin Bazaar Polishing Cloth",False
xbox one sport red controller,Xbox Wireless Controller – Sport Blue Special Edition,True
xbox one sport red controller,Xbox Wireless Controller - Gears 5 Kait Diaz Limited Edition,True
xbox one sport red controller,Xbox Wireless Controller - Sport Red Special Edition,False
xbox one sport red controller,Controller Gear Sport Red Special Edition Xbox Pro Charging Stand (Controller Sold Separately) - Xbox One,False
surface pro 6,"Microsoft Surface Pro 7 - Ordenador portátil 2 en 1 de 12.3"" (Intel Core i5-1035G4, 8GB RAM, 128GB SSD, Intel Graphics, Windows 10) Plata",True
surface pro 6,"Microsoft Surface Pro - Ordenador portátil 2 en 1, 12.3'' (Intel Core M3-7Y30, 4GB RAM, 128GB SSD, Intel Graphics, Windows 10 Pro) Plata",False
surface pro 6,SupCase Funda Surface Pro 7 Carcasa Completa con Soporte de pie [UBPro] Case para Microsoft Surface Pro 6 2018 / Surface Pro 5 2017 / Pro 4 2015 (Negro),False
surface pro 6,"LACORAMO Stylus Lápiz con rechazo de Palma, 4096 Sensibilidad a la presión, Pen para Surface go/Surface Pro 6/5/4/3, Pro 2017, Surface Book",False
air pods,XINYISHUNHE I8X-1104-1 extensión de la garantía,False
air pods,"Auriculares Inalámbricos Bluetooth 5.0 con Caja de Carga Rápida, HIFI Estéreo Auriculares con HD Mic, Auriculares Inalámbricos para iPhone Airpods pro Samsung Android y Otros Teléfonos Inteligentes",False
air pods,"Funda para Airpods Pro, Funda de Silicona Airpods Pro 2019, Funda Protectora Airpods Pro con mosquetón antipérdida, Ajuste Adecuado y antichoque Duradero",False
air pods,Apple Air Pods (modelo anterior),False
sony oled tv,"Sony BRAVIA KD-32W804-32-Pulgadas - 2K Ultra HD UHD - Rango Dinámico HDR - Android TV - Negro, Modelo 2021",False
sony oled tv,TV SONY 32 KDL32W800 HD STV WiFi MFXR400 Web,False
sony oled tv,TV SONY 65 KE65A8 UHD OLED Android X1ULTIMATE ACO,False
sony oled tv,"Sony BRAVIA KD-55X89J - Televisor LED de 55"" con 4K Ultra HD (UHD), alto rango dinámico (HDR) y Smart TV con Google TV, modelo 2021, color negro",False
walabot diy wall scanner,"Stud Finder Wall Scanner - 5 in 1 Sensor Wall Scanner with LCD Display & Auto Calibration, Beam Finder Center Finding & Sound Warning for Wood AC Wire Metal Studs Detection",True
walabot diy wall scanner,Stud Finder Wall Scanner - Upgrade 5 in 1 Stud Sensor Wall Detector Wood Beam Drywall Joist Pipe Live AC Wire Metal Studs Locator Best Electronic Wall Detector Edge Center Finding with LCD Display,True
walabot diy wall scanner,"RAGU Endoscope Camera, 1080P HD Borescope 4.3” LCD Screen Inspection Camera IP67 Waterproof Industrial Endoscope with 8 Dimmable LEDs 16.4ft Semi-Rigid Cord",False
walabot diy wall scanner,MOCITA Stud Finder Wall Scanner - 4 in 1 Electronic Beam Finder Stud Sensor Wall Center Detector with LCD Display for Stud Wood Metal AC Wire Joist Detection,False
roomba 677,"roborock S6 Robot Vacuum, Robotic Vacuum Cleaner and Mop with Adaptive Routing,Multi-Floor Mapping, Selective Room Cleaning, Super Strong Suction, and Extra Long Battery Life, Works with Alexa(Black)",True
roomba 677,"iRobot Roomba i7+ (7550) Robot Vacuum Bundle with Automatic Dirt Disposal - Wi-Fi Connected, Smart Mapping, Ideal for Pet Hair (+2 AllergenLock Dirt Disposal Bags)",True
roomba 677,iRobot Roomba 677 Smart Wi-Fi Connected Multisurface Robot Vacuum with Alexa Connectivity and Pet Hair Technology (Non-Retail Packaging),False
roomba 677,Rumba Our Dance,False
coffee mate sin azucar,"Marca Amazon - Happy Belly Café de tueste natural en grano ""Caffè Intenso"" (2 x 500g)",False
coffee mate sin azucar,Marca Amazon - Solimo Nespresso Compatible Ristretto Cápsulas- Certificada UTZ - 100 Cápsulas (2 Paquetes x 50),False
coffee mate sin azucar,"LUCIFER'S ROAST Espresso de KIQO de Italia - 1kg café extremadamente fuerte - bajo en ácido - 100% Robusta - 571 mg de cafeína por taza (grano de café, 1000g)",False
coffee mate sin azucar,"☕ Café en grano natural. 100% Arabica. Pack para regalo y degustación. 4 orígenes: Colombia, Uganda, Brasil, Honduras. 4x250g. Tostado artesanal.",False
shun chef knife,"Shun Classic Blonde 5 Piece Starter Knife Block Set; Chef’s, Utility, and Paring Knives with Honing Steel and Block; PakkaWood Handles, VG-MAX Blades , Large",True
shun chef knife,"Shun Kanso 6-Piece Block Set; Includes 3.5” Paring Knife, 6” Utility Knife, 8” Chef’s Knife, 5.5” Hollow-Ground Santoku, Kanso Combination Honing Steel and Sleek Wood Block with Two Additional Slots",True
shun chef knife,"Shun Classic Blonde 8” Chef's Knife, Blonde PakkaWood Handle, Full Tang VG-MAX Blade",False
shun chef knife,"Shun Cutlery Classic 2-Piece Starter Set 8, Multi-Purpose Hollow Ground Chef’s 3.5-inch Paring Knife are The Essential Kitchen Duo, Exquisitely Handcrafted Japanese",False
allen bicycle trailer hitch,"IKURAM R 2 Bike Rack Bicycle Carrier Racks Hitch Mount Double Foldable Rack for Cars, Trucks, SUV's and minivans with a 2"" Hitch Receiver",False
allen bicycle trailer hitch,"Venzo 2 Bike Bicycle Platform Style Carrier - Bike Rack for Car SUV Truck Tow Trailer Hitch Receiver Mount Size 2"" - Sturdy & Rust Proof",False
allen bicycle trailer hitch,Bicycle Rear Racks Steel Bicycle Trailer Hitch Mount Adapter Replacement Most Bike Cycling Rear Carrier Mount Bike Accessory (2 Pack),True
allen bicycle trailer hitch,Titanker Upgraded Bike Bicycle Trailer Coupler Attachment Angled Elbow for Instep & Schwinn Bike Trailers,True
mtg plague crafter,Magic: the Gathering - Commander 2018 - Adaptive Enchantment,True
mtg plague crafter,Magic: the Gathering - Dominaria Planeswalker Deck - Teferi,True
mtg plague crafter,Magic: The Gathering - Plaguecrafter - Mystery Booster - Guilds of Ravnica,False
mtg plague crafter,Magic: The Gathering - Plaguecrafter - Commander 2019,False
vanessa rosella tote bag,Antonio Valeria Avery Blue Leather Tote/Top Handle Shoulder Bag for Women,True
vanessa rosella tote bag,Lands' End Natural Open Top Canvas Tote Natural/true Navy No SzMedium,True
vanessa rosella tote bag,Monogram Tote Bag with 100% Cotton Canvas and a Chic Personalized Monogram (Black Script Letter - D),True
vanessa rosella tote bag,Monogram Tote Bag with 100% Cotton Canvas and a Chic Personalized Monogram (Black Block Letter - C),True
harry's razors for men,"Gillette Fusion5 Razors for Men, 1 Gillette Razor, 4 Razor Blade Refills, Lubrastrip for a More Comfortable Shave",True
harry's razors for men,"Schick Hydro Skin Comfort Sensitive 5 Blade Razor for Men, 1 Handle and 5 Refills",True
harry's razors for men,Harry's Men's Razor with 2ct Blade Cartridges - Nocturnal Black (Exclusive),False
harry's razors for men,"Harry's Razors for Men - Men's Razor Set with 5 Razor Blade Refills, Travel Blade Cover, 2 oz Shave Gel (Bright Orange)",False
kaz wf-813 filter,HIFROM Humidifier Wick Filters Compatible with ReliOn WF813 RCM-832 RCM832 RCM-832N DH-832 Duracraft DH-830 Robitussin DH832 Honeywell HC832 Humidifier - 6pcs,True
kaz wf-813 filter,KingBra 4Pcs Humidifier Wicking Filters Replacement Filter Compatible with Relion WF813 ReliOn RCM-832,True
kaz wf-813 filter,RJMom 12 Pack - Humidifier Filter for Kaz WF-813,True
kaz wf-813 filter,(2-Packs) Humidifier Filter Suitable Kaz Wf-813,False
11cu refrigerator without freezer,"TECCPO Mini Fridge TAMF33, 4.5 Cu.Ft Mini Fridge with Freezer, Energy Star, Auto Defrost, Super Quiet, Small Refrigerator for Dorm, Bedroom",False
11cu refrigerator without freezer,"Mini Fridge, TECCPO 1.7 Cu.Ft. Small Refrigerator, Energy Star, 6 Adjustable Thermostat Control, One-touch Easy Defrost, 37 dB, Compact Refrigerator for Bedroom, Dorm, Office - TAMF30",False
11cu refrigerator without freezer,"F40C4TMP 12 Volt Car Fridge, 30 Quart (28L) Portable Refrigerator, (-7.6℉~50℉) Compressor Freezer with 12/24V DC & 110-240V AC, For Truck, Vehicles, RV, Road Trip, Camping, Outdoor, Room, Home",False
11cu refrigerator without freezer,"Galanz GLR33MBER10 Retro Compact Refrigerator, Single Door Fridge, Adjustable Mechanical Thermostat with Chiller, Blue, 3.3 Cu Ft",False
ford logo seat covers,"Motor Trend Gray Cloth Car Seat Covers for Front Seats – Premium Automotive Bucket Seat Covers, Made for Vehicles with Removable Headrests, Interior Accessories for Car Truck Van SUV",True
ford logo seat covers,"BDK Forza Series Light Gray Seat Covers Full Set Combo with Car Floor Mats – Front and Rear Bench Seat Cover & Floor Mat Protector Set, Interior Accessories for Auto Truck Van SUV",True
ford logo seat covers,Plasticolor 008625R01 Ford Deluxe Seat Cover Embrodired Logo High Contrast Stitching Premium 3 Piece Sideless Car Truck or SUV Seatcover with Cargo Pocket,True
ford logo seat covers,Seat Armour KAFORX10-15 Custom Fit Officially Licensed Center Console Cover with Ford Embroidered Logo for Select Ford Explorer Models - (Black),False
fire hd 10 tablet,"Fire HD 8 Kids tablet, 8"" HD display, ages 3-7, 32 GB, Blue Kid-Proof Case",False
fire hd 10 tablet,"Fire HD 8 Plus tablet, HD display, 32 GB, latest model (2020 release), our best 8"" tablet for portable entertainment, Slate",True
fire hd 10 tablet,"Kid-Proof Case for Fire HD 10 Tablet (Compatible with 7th and 9th Generations, 2017 and 2019 Releases), Pink",False
fire hd 10 tablet,"Amazon Fire HD 10 Tablet Case, Charcoal Black",False
nike air griffey,Nike Air More Uptempo '96 Obsidian/White,True
nike air griffey,Nike Air Penny IV,True
nike air griffey,Nike Air Mens Griffey Max 1 Sneakers - 8 D(M) US- Flax/Flax/Sail,False
nike air griffey,Nike Air Mens Griffey Max 1 Sneakers - 9.5- Flax/Flax/Sail,False
ipad pro 12.9,"(Refurbished) Apple iPad Pro (11-inch, Wi-Fi, 64GB) - Space Gray (2018)",True
ipad pro 12.9,"Apple iPad Pro (11-inch, Wi-Fi, 1TB) - Space Gray (1st Generation)",True
ipad pro 12.9,"Apple iPad Pro 12.9-inch, 3rd Generation - Wi-Fi, 256GB - Space Gray (Renewed)",False
ipad pro 12.9,"Apple iPad Pro 12.9-inch, Wi-Fi, 3rd Generation 64GB - Space Gray(Renewed)",False
arturia audiofuse studio,Arturia DAW Controller (230511),False
arturia audiofuse studio,Arturia DAW Controller (230512),False
arturia audiofuse studio,Arturia AudioFuse Advanced Audio Interface,True
arturia audiofuse studio,Arturia DAW Controller (230513),False
dan pelligrino glass,"Spindrift Grapefruit Sparkling Water, 12 Fl. Oz. Cans (Pack of 8)",False
dan pelligrino glass,"Saratoga Sparkling Spring Water, 12oz Cobalt Blue Glass Bottle (Pack of 6, Total of 72 Fl Oz)",True
dan pelligrino glass,"San Pellegrino Chinotto Sparkling Citrus Flavoured Beverage, 6.75 Oz Glass Bottle (Pack of 12, Total of 81 Oz)",False
logictech spot light presentaion,"Presentation Clicker, Doosl Digital Highlighting Wireless Presenter Clicker （Need Upload Software） Magnify Pointer Digital Pointer Mouse for Laptop presentations PowerPoint,MAC (Digital)",True
logictech spot light presentaion,"Presentation Remote, Doosl Digital Highlighting Wireless Presenter Clicker Magnify Pointer Digital Pointer Mouse with LCD Timer，Clicker for Laptop presentations",True
logictech spot light presentaion,Logitech Spotlight Presentation Remote Pointer (Slate) w/Deco Gear Accessories Bundle,False
logictech spot light presentaion,Logitech Spotlight Presentation Remote (Slate) with Knox 3.0 4-Port USB HUB Bundle,False
colorado door handle,FAERSI Outside Exterior Door Handle Rear Textured Tailgate Handle Replacement for 2004 2005 2006 2007 2008 2009 2010 2011 2012 Colorado GMC Canyon 2006 2007 2008 Isuzu i-290 i-370 i-280,True
colorado door handle,"PT Auto Warehouse GM-3561A-FPK - Outside Exterior Outer Door Handle, Textured Black - Front Left/Right Pair",True
colorado door handle,Exterior Door Handle Textured Black - Rear Driver Left - Fits Colorado Canyon,False
colorado door handle,AUTOMUTO Exterior Front Passenger Side Door Handle Compatible for 2004-2012 for Chevrolet Colorado for GMC Canyon Black,True
montclair state university,New Jersey the Garden State Souvenir Hoodie Sweatshirt Women Men,False
montclair state university,OCM Diploma Frames | Montclair State University Red Hawk | Displays Diploma Certificate 8.5 x 11 | Home Office & Office Professional | Education Framed Diploma | Graduation Gifts | Custom Frame,False
montclair state university,Montclair State 1908 University Apparel - T shirt,False
lenovo ideapad 2in1,"Lenovo IdeaPad Flex 5 14"" Convertible Laptop, FHD (1920 x 1080) Touch Display, Intel Core i5-1035G1 Processor, 8GB DDR4 Onboard RAM, 128GB SSD, Intel UHD Graphics, Win 10, 81X1004RUS, Graphite Grey",True
lenovo ideapad 2in1,"Lenovo IdeaPad 3 14"" Laptop, 14.0"" FHD 1920 x 1080 Display, AMD Ryzen 5 3500U Processor, 8GB DDR4 RAM, 256GB SSD, AMD Radeon Vega 8 Graphics, Narrow Bezel, Windows 10, 81W0003QUS, Abyss Blue",True
lenovo ideapad 2in1,"Lenovo IdeaPad Flex-15IML 15&quot; Full HD Touchscreen Notebook Computer, Intel Core i7-10510U 1.8GHz, 16GB RAM, 512GB SSD, NVIDIA GeForce MX230 2GB, Windows 10 Home - Refurbished",True
lenovo ideapad 2in1,"Lenovo Flex 5 14"" 2-in-1 Laptop, 14.0"" FHD (1920 x 1080) Touch Display, AMD Ryzen 5 4500U Processor, 16GB DDR4, 256GB SSD, AMD Radeon Graphics, Digital Pen Included, Win 10, 81X20005US, Graphite Grey",False
bose karaoke system,"KaraoKing Karaoke Machine for Kids & Adults Wireless Microphone Speaker with Disco Ball, 2 Wireless Bluetooth Microphones & Phone/Tablet Holder - Karaoke Bluetooth Toys for Kids (G100)",False
bose karaoke system,"GTD Audio 2x100 Adjustable Channels UHF Wireless Cordless Handheld Microphone Mic System Ideal for Church, Karaoke, Dj Party, Range 400 ft,",False
bose karaoke system,"Bose Noise Cancelling Headphones 700, Bluetooth, Over-Ear Wireless Headphones with Built-In Microphone for Clear Calls & Alexa Voice Control, Black",False
bose karaoke system,"Bose L1 Pro8 - Portable PA System, Portable Line Array Speaker with Integrated Bluetooth, Built-in Mixer and Wireless App Control",False
aquaclear 50 carbon,"AquaClear 110 Activated Carbon Insert, Aquarium Filter Replacement Media, A622",False
aquaclear 50 carbon,"Aqua Clear A623 Foam Insert , White,110",False
aquaclear 50 carbon,"AquaClear 50 Activated Carbon Inserts, Aquarium Filter Replacement Media, 3-Pack, A1384",False
aquaclear 50 carbon,(3 Pack) AquaClear 50 Foam Filter,False
maisto 1/18 stingray corvette,"Maisto Chevy Diecast Car & Gas Pump Package - 2014 Chevy Corvette Stingray Police, Matte Black 36212P - 1/18 Scale Diecast Model Toy Car w/Gas Pump",True
maisto 1/18 stingray corvette,Maisto New 1:24 Display Special Edition - Candy RED 1970 Chevrolet Corvette Stingray Diecast Model Car,True
maisto 1/18 stingray corvette,2014 C7 Chevy Corvette Stingray 1/18 Red by Maisto,False
maisto 1/18 stingray corvette,Maisto 1:18 Special Edition - 1965 Chevrolet Corvette,False
smith sunglasses for men,"Oakley Men's OO9417 Holbrook XL Square Sunglasses, Matte Black/Warm Grey, 59 mm",True
smith sunglasses for men,Suncloud Rambler Polarized Sunglasses,True
smith sunglasses for men,Smith Basecamp Sunglasses Matte Gravy/ChromaPop Polarized Bronze Mirror,False
smith sunglasses for men,"Parallel Max 2 Carbonic Polarized Sunglasses, Black / Carbonic Polarized Gray / Ignitor, Smith Optics Parallel Max 2 Carbonic Polarized Sunglasses",False
yamaha vstar back rest,Bakup Fully Adjustable Standard Driver Backrests for 2007-2009 Yamaha XVS1300 V - One Size,True
yamaha vstar back rest,Backrest Sissy Bar+ Luggage Rack For Yamaha V Star DS 400 650 XVS650 Custom drag star Black,True
yamaha vstar back rest,Passenger Backrest Sissy Bar Pad For Yamaha V Star DS 400 650 XVS650A Classic drag star,True
t1-84 texas instrument,Texas Instruments TI-83 Plus Graphing Calculator,True
t1-84 texas instrument,Texas Instruments TI-84 Plus Graphing Calculator + Guerrilla Zipper Case + Essential Graphing Calculator Accessory Kit (Black),False
t1-84 texas instrument,Texas Instruments TI-84 Plus Silver Edition Graphing Calculator (Renewed),False
lamy dark lilac ink,"Lamy Safari Fountain Pen, Medium Nib + 5 Black Ink Cartridges (Matte Black)",False
lamy dark lilac ink,Lamy Safari Fountain Pen (19F) White + 5 Black Ink Cartridges,False
lamy dark lilac ink,LAMY AL-Star Fountain Pen (29F) Black Purple + 5 Black Ink Cartridges,False
lamy dark lilac ink,Lamy Safari Fountain Pen (M) Umber + 5 Black Ink Cartridges,False
yankee candle tarts,"Yankee Candle Fragrance Spheres, Sage & Citrus",False
yankee candle tarts,Yankee Candle Large Jar Candle Balsam & Cedar,False
yankee candle tarts,"Yankee Candle Fresh and Floral Collection Scented Tarts Wax Melts - Set of 10 - Clean Cotton, Lemon Lavender, Flowers in The Sun, Mediterranean Breeze, and French Countryside (2 of Each)",False
yankee candle tarts,Yankee Candle Lot of 6 White Gardenia Tarts Wax Melts,False
yamaha slide oil,Monster Trombone Slide Cream Lubricant | Take Better Care of your Instrument,True
yamaha slide oil,"Monster Trombone Care and Cleaning Kit | Slide Cream, Slide Grease, Mouthpiece Brush. Everything You Need to Take Care of and Clean Your Trombone",True
yamaha slide oil,Yamaha Trombone Cleaning and Care Product (YACSLMKIT),False
yamaha slide oil,Yamaha YACTSO Trumpet Tuning Slide Oil,False
revlon ionic hair dryer,REVLON 1875W 3-in-1 Styling Hatchet Hair Dryer,True
revlon ionic hair dryer,"REVLON One-Step Hair Dryer And Volumizer Hot Air Brush, Black",False
revlon ionic hair dryer,Revlon 1875W Titanium Hair Dryer,True
revlon ionic hair dryer,"REVLON 1875 Watts Infrared Heat Hair Dryer for Max Drying Power, White",True
harris swivel bipod 6-9,"Harris Bipod HB25CS extends from 13 1/2"" to 27"" Swivels (tilts)",True
harris swivel bipod 6-9,"HBLS Harris Bipod extends from 9"" to 13"" swivels to compensate for Uneven Terrain",True
harris swivel bipod 6-9,CVLIFE 6-9 Inches Picatinny Bipod Adjustable Spring Return with Picatinny Adapter,True
harris swivel bipod 6-9,"Harris Bipods BRMS, extends from 6"" to 9"" Swivels (tilts), Notched Legs Spring Loaded",False
national geographic sierra map,National Geographic: Pacific Crest Trail Wall Map Wall Map - Laminated (18 x 48 inches) (National Geographic Reference Map),True
national geographic sierra map,Sierra Nevada Trail Map Collection [boxed set] (National Geographic Trails Illustrated Map),True
national geographic sierra map,Sequoia/Kings Canyon National Park Adventure Set: Trail Map & Wildlife Guide,False
national geographic sierra map,"Pacific Crest Trail: Sierra Nevada South [Devil's Postpile to Walker Pass] (National Geographic Topographic Map Guide, 1009)",False
betty crocker cookies mix,"Krusteaz Bakery Style Cookie Mix, 14- Boxes, Butter Vanilla Sugar, 168 Oz (Pack of 12)",True
betty crocker cookies mix,"Betty Crocker Limited Edition Salted Caramel Cookie Mix, Package of 2",False
betty crocker cookies mix,"Betty Crocker Baking Mix, Peanut Butter Cookie Mix, 17.5 Oz Pouch",False
mens reebok shorts,"G Gradual Men's 7"" Workout Running Shorts Quick Dry Lightweight Gym Shorts with Zip Pockets (White Large)",True
mens reebok shorts,"Mens Quick Dry Fit Dri-Fit Active Wear Athletic Performance Basketball Tennis Soccer Running Essentials Gym Casual Workout Tech Shorts-Set 6,Large",True
mens reebok shorts,"Reebok Workout Ready Knit Short, Legacy Red, XL",False
mens reebok shorts,"Reebok Training Supply Epic Short, Black, XL",False
dr johns bathroom,Uncle John's Actual and Factual Bathroom Reader (31) (Uncle John's Bathroom Reader Annual),False
samsung notebook 9 pro,"Microsoft Surface Pro 7 – 12.3"" Touch-Screen - 10th Gen Intel Core i5 - 8GB Memory - 256GB SSD(Latest Model) – Matte Black (PUV-00016)",True
samsung notebook 9 pro,"Samsung Notebook 9 15"" FHD Intel i7-7500U 3.5GHz 8GB 256GB SSD Webcam Bluetooth Windows 10 Iron Silver",True
samsung notebook 9 pro,2021 Samsung_Notebook 9 Pro 13 FHD 1080P Touchscreen 2-in-1 Laptop| Intel Core i7-8565U up to 4.6GHz| 8GB RAM| 512GB SSD| FP Reader| Backlit KB| Win 10 + NexiGo 128GB MicroSD Card Bundle,False
samsung notebook 9 pro,"Samsung Notebook 9 Pro 2-in-1 2020 Premium Laptop, 13.3"" Full HD Touchscreen, 8th Gen Intel Quad-Core i7-8565U, 16GB DDR4 512GB SSD, Thunderbolt Backlit KB Fingerprint Win 10 + USB C Toggle",False
hamilton beach toaster oven,"Toaster Oven 4 Slice, Multi-function Stainless Steel Finish with Timer - Toast - Bake - Broil Settings, Natural Convection - 1100 Watts of Power, Includes Baking Pan and Rack by Mueller Austria",True
hamilton beach toaster oven,"BLACK+DECKER TO1785SG Crisp N Bake Air Fry Toaster Oven, 4-Slice, Gray",True
hamilton beach toaster oven,"Hamilton Beach 2-in-1 Countertop Oven and 2-Slice Toaster with Extra Wide Slot, Shade Selector, Baking Pan Included, Red (22724)",False
hamilton beach toaster oven,"Hamilton Beach Countertop Convection Toaster Oven with Easy Reach Roll-Top Door, 6-Slice, Stainless Steel (31434)",False
honeywell tower fan,"Seville Classics UltraSlimline 40 in. Oscillating Tower Fan, 40"", Black",True
honeywell tower fan,"TaoTronics Tower Fan, 65°Oscillating Cooling Fan Powerful Floor Fan with Remote, LED Display, 9 Modes, Easy Clean, Up to 12H Timer, Bladeless Standing Fan Portable for the Whole Room Home Office",True
honeywell tower fan,"Honeywell TurboTower Tower Fan, Black",False
honeywell tower fan,"HONEYWELL HYF048 Fresh Breeze Tower Fan with Remote Control HYF048 Black with Programmable Thermostat, Timer Shut-Off Function & Dust Filter, Black",False
radian ear plugs,"Ear Plugs for Sleeping, Reusable Silicone Moldable Noise Cancelling Sound Blocking Reduction Earplugs for Swimming, Snoring, Concerts, Shooting, Airplanes, Musicians, 32dB Highest NRR",True
radian ear plugs,Re Ear DIY (Do-It-Yourself) Custom Molded Earplug Kit (Black) with Cord,True
radian ear plugs,"Radians FP81 Deviator 33 Disposable Corded Foam Bell Shaped NRR 33 Earplugs, 100-Pack, Orange",False
radian ear plugs,"Radians Custom Molded Earplugs, Clam Shellblue",False
burlap wire edge ribbon,"Reliant Ribbon Everyday Linen Value Wired Edge Ribbon, 1-1/2 Inch X 50 Yards, Natural",True
burlap wire edge ribbon,"Plaid Check Wired Edge Ribbon - 10 Yards (Black, White, 2.5"")",True
burlap wire edge ribbon,"Stripe Burlap Canvas Wired Edge Ribbon (1.5"", Pink White) - 10 Yards : RX9148WT",False
burlap wire edge ribbon,"Wired Burlap Craft Ribbons, Gartful 2.5 inch Wide Colorful Fabric Ribbon with Wire Edge for DIY, Craft, Wedding, Gift Wrapping, Home Decoration, Floral Bows, Wreath(4.3Yards/Roll)",False
fitbit ace 2,"Fitbit Inspire Fitness Tracker, One Size (S and L Bands Included)",True
fitbit ace 2,"Fitbit Inspire HR Heart Rate and Fitness Tracker, One Size (S and L Bands Included), 1 Count",True
fitbit ace 2,"EEweca 3-Pack Bands Compatible with Fitbit Ace 2 Replacement Strap for Kids (Black, Night Sky, Neon Yellow)",False
fitbit ace 2,"[12 Pack] Bolesi Bands Replacement Compatible with Fitbit ace 2,Water Resistant Fitness Watch Strap Compatible for Fitbit ace 2 Bands for Kids Boys Girls",False
macbook pro 16,"Apple MacBook Pro (13-inch, 16GB RAM, 512GB SSD Storage, Magic Keyboard) - Space Gray (Renewed)",True
macbook pro 16,"2020 Apple MacBook Pro with Intel Processor (13-inch, 16GB RAM, 512GB SSD Storage) - Silver",True
macbook pro 16,"Apple 16"" MacBook Pro (2019) Intel Core i9 2.3GHz, 16GB RAM, 1TB SSD, macOS, Silver (Renewed)",False
macbook pro 16,"Apple 16"" MacBook Pro (2019) Intel Core i9 2.3GHz, 16GB RAM, 1TB SSD, macOS, Space Gray (Renewed)",False
beats solo 3 wireless,"Powerbeats Pro Wireless Earbuds - Apple H1 Headphone Chip, Class 1 Bluetooth Headphones, 9 Hours of Listening Time, Sweat Resistant, Built-in Microphone - Glacier Blue",True
beats solo 3 wireless,"Powerbeats High-Performance Wireless Earbuds - Apple H1 Headphone Chip, Class 1 Bluetooth Headphones, 15 Hours of Listening Time, Sweat Resistant, Built-in Microphone - Black",False
beats solo 3 wireless,Beats Solo3 Wireless On-Ear Headphones - Beats Club Collection - Club Navy (Renewed),False
beats solo 3 wireless,"Beats Solo3 Wireless On-Ear Headphones - Apple W1 Headphone Chip, Class 1 Bluetooth, 40 Hours of Listening Time, Built-in Microphone - Rose Gold (Latest Model)",False
x570 motherboard gaming,"AMD Ryzen 7 3700X 8-Core, 16-Thread Unlocked Desktop Processor with Wraith Prism LED Cooler with X570 AORUS PRO WiFi Gaming Motherboard",True
x570 motherboard gaming,"ASUS ROG Strix B550-F Gaming (WiFi 6) AMD AM4 Zen 3 Ryzen 5000 & 3rd Gen Ryzen ATX Gaming Motherboard (PCIe 4.0, 2.5Gb LAN, BIOS Flashback, HDMI 2.1, Addressable Gen 2 RGB Header and Aura Sync)",True
x570 motherboard gaming,GIGABYTE X570 UD (AMD Ryzen 5000/X570/ATX/PCIe4.0/DDR4/USB3.2 Gen 1/Realtek ALC887/M.2/Realtek GbE LAN/Gaming Motherboard),False
x570 motherboard gaming,"ASUS ROG Strix X570-I Gaming, X570 Mini-ITX Gaming Motherboard, AMD Ryzen 3000 with PCIe 4.0, WiFi 6 (802.11ax), Intel Gigabit Ethernet, SATA 6Gb/s",False
oracal 651 holographic,ORACAL Silver Holographic Chrome Cast Adhesive Craft Vinyl (6in x 60in),True
oracal 651 holographic,"TECKWRAP Holographic Chrome Craft Vinyl 1ftx5ft, Opal White",True
oracal 651 holographic,"ORACAL 651 Multi-Color Vinyl Starter Kit 12"" x 5ft 2-Roll Bundle (Gloss Black/White)",False
oracal 651 holographic,ORACAL 651 High Gloss Silver Metallic Craft Adhesive Vinyl Roll (15ft x 1ft),False
nike football indoor shoes,"Nike Men's Bomba TF Turf Soccer Shoes, (Size 9, Black/Volt/White)",True
nike football indoor shoes,Nike Mercurial Vapor 13 Academy Neymar Jr Indoor Soccer Shoes,True
nike football indoor shoes,Nike Tiempo Premier II Sala IC Soccer Shoes (Pure Platinum) (Men's 6.5/Women's 8),False
nike football indoor shoes,Nike Youth Tiempo Legend 8 Academy Indoor Soccer Shoes Royal Blue,False
fossil smart watch men,"Armani Exchange Men's Smartwatch Stainless Steel Touchscreen Watch with Stainless-Steel-Plated Strap, Gold, 20 (Model: AXT2001)",True
fossil smart watch men,"Garmin 010-01769-01 Vivoactive 3, GPS Smartwatch with Contactless Payments and Built-In Sports Apps, Black with Silver Hardware",True
fossil smart watch men,"Fossil Unisex 46MM Gen 5 Garrett HR Heart Rate Stainless Steel Touchscreen Smart Watch, Color: Black (Model: FTW4038)",False
fossil smart watch men,"Fossil Men's Machine Stainless Steel Hybrid Smartwatch, Color: Blue (Model: FTW1195)",False
monitor acer 27 inch,ASUS VA27EHE 27” Eye Care Monitor Full HD (1920 x 1080) IPS 75Hz Adaptive-Sync HDMI D-Sub Frameless,True
monitor acer 27 inch,"Acer XF270HU Cbmiiprx 27” WQHD (2560 x 1440) TN AMD FreeSync Gaming Monitor, 144Hz Refresh Rate, 1ms, (Display Port 1.2 & 2 x HDMI Ports),Black",False
monitor acer 27 inch,"Acer V277 bmipx 27"" Full HD (1920 x 1080) IPS Monitor (Display Port, HDMI & VGA Port), Black",False
samsung chromebook plus v2,"Samsung Premium 11.6-Inch HD Chromebook Intel Dual Core Celeron Up to 2.48GHz, 4GB DDR3 RAM, 64GB eMMC Memory, 802.11ac WiFi, Bluetooth, HDMI, Stereo Speakers, Webcam, USB 3.0, Google Chrome OS",True
samsung chromebook plus v2,2020 Samsung 11.6 Inch Non-Touch Chromebook Laptop| Intel Celeron N3060 up to 2.48 GHz| 4GB LPDDR3 RAM| 64GB eMMC| WiFi| Bluetooth| HDMI| Chrome OS + NexiGo Wireless Mouse + 128GB SD Card Bundle,False
samsung chromebook plus v2,"Samsung Chromebook Plus V2, 2-in-1, 4GB RAM, 64GB eMMC, 13MP Camera, Chrome OS, 12.2"", 16:10 Aspect Ratio, Light Titan (XE520QAB-K03US) (Renewed)",False
samsung chromebook plus v2,"Samsung Chromebook Plus V2, 2-in-1, 4GB RAM, 32GB eMMC, 13MP Camera, Chrome OS, 12.2"", 16:10 Aspect Ratio, Light Titan (XE520QAB-K01US) (Renewed)",False
canon - pixma mx922,"Canon Pixma MG3620 Wireless All-In-One Color Inkjet Printer with Mobile and Tablet Printing, Black",True
canon - pixma mx922,Canon PIXMA MX532 Wireless Colour All-in-One Inkjet Printer,True
canon - pixma mx922,"Genuine Canon PGI-250 (6497B001) CLI-251 (6513B004) Color (Black, Cyan,Magenta,Yellow) Ink Tank 5-Pack",False
canon - pixma mx922,"Sotek Compatible Ink cartridges PGI-250xl CLI-251xl 250 251, Work for Pixma MX922 MX920 MG5520 MG5420 MG6320 MG7120 MX722 iP7220 iP8720 iX6820 (BK/C/M/Y 2 Sets + 2 Black, 12-Pack)",False
elixir guitar strings,"D'Addario XTAPB1253 XT Phosphor Bronze Acoustic Guitar Strings, Light, 12-53",True
elixir guitar strings,"Elixir Strings 19052 Coated Nickel Electric Guitar Strings, Light (.010-.046)",False
elixir guitar strings,Elixir Strings Electric Guitar Strings (12100),False
reloj tag heuer hombre,Tag Heuer Aquaracer Calibre 5 Automatic Watch 43mm WAY201A.BA0927,False
reloj tag heuer hombre,Tag Heuer Aquaracer 300M Quartz Black Dial Mens Watch WAY101A.BA0746,False
reloj tag heuer hombre,Tag Heuer Men's WAY201B.BA0927 Aquaracer Calibre 5 Automatic 300m Ceramic Bezel Watch,False
reloj tag heuer hombre,Tag Heuer Formula 1 Chronograph Anthracite Dial Mens Watch CAZ1011.BA0842,False
adidas leggings women,GAYHAY High Waisted Leggings for Women - Soft Opaque Slim Tummy Control Printed Pants for Running Cycling Yoga,True
adidas leggings women,"adidas 7/8 3S 3 Stripes Training Tights Black (Black/White, Medium)",False
adidas leggings women,"adidas Girls' Big Active Sports Athletic 7/8 Length Legging Tight, Grey Heather, X-Large",False
kindle paperwhite e-reader,"Kindle Kids, a Kindle designed for kids, with parental controls - Space Cover",False
kindle paperwhite e-reader,"Fire 7 tablet, 7"" display, 16 GB, latest model (2019 release), Plum",False
kindle paperwhite e-reader,"All-new Kindle - Now with a Built-in Front Light - 4 GB, White (International Version)",True
kindle paperwhite e-reader,KleverCase Book Style Cover for Kindle Paperwhite (All Versions launched Before October 2021) …,False
fenwick casting rod,"Ugly Stik USCA662MH Casting Rod , Black , 6'6"" - Medium Heavy - 2Pc",True
fenwick casting rod,"Abu Garcia VENGC70-6 Vengeance Casting Rod, 7 Feet, Medium Heavy Power, 7' - Medium Heavy",True
fenwick casting rod,Fenwick® Techna® Casting Rod,False
fenwick casting rod,fenwick HMG72M-MFC HMG Casting Rod Rod,False
dr plotka toothbrush,"Extra Soft Toothbrush, Ultra Soft-bristled Adult Toothbrush Micro Nano 15000 Floss Bristle Good Cleaning Effect for Sensitive Teeth Oral Gum Recession",True
dr plotka toothbrush,"FIREFLY Ready Go Lightup L.O.L. Surprise Toothbrush With Suction Cup (Characters May Vary), 1 Count",False
dr plotka toothbrush,"soobei Kids U-Shaped Toothbrush ,Food Grade Soft Silicone Brush Head, 360° Oral Teeth Cleaning Design for Toddlers and Children",False
ralph lauren bath towel,"Ralph Lauren Sanders Towel 6 Piece Set - Lavender Grey/Lilac Violet Purple / - 2 Bath Towels, 2 Hand Towels, 2 Washcloths",True
ralph lauren bath towel,"Ralph Lauren Sanders Towel 6 Piece Set - White - 2 Bath Towels, 2 Hand Towels, 2 Washcloths",False
ralph lauren bath towel,Lauren Ralph Lauren Bath Wescott Towel Club Navy,False
ralph lauren bath towel,Lauren Ralph Lauren Wescott Bath Towel Sailcloth White 30 x 56,False
tommy hilfiger men shirt,"Tommy Hilfiger Men's Hooded Performance Soft Shell Jacket, red/white/navy, LARGE",False
tommy hilfiger men shirt,"Tommy Hilfiger Men's Modern Essentials French Terry Sweatshirt, Grey Heather/Hilfiger Color Block, M",False
tommy hilfiger men shirt,"Tommy Hilfiger Men's Long Sleeve Cotton T Shirt, Sky Captain/Multi, Large",False
bodycon maxi dress,Voghtic Tie dye Maxi Dress for Women Sleeveless Loose Plus Size Summer Dresses with Pockets,True
bodycon maxi dress,Women's Casual Summer Tye Die Tank Crop Top Maxi Skirt Set Bodycon 2 Piece Floral Dress Light Gray S,True
bodycon maxi dress,OLUOLIN Maxi Dresses for Women Bodycon Off The Shoulder Triple Color Block Long Dress,False
bodycon maxi dress,SSOULM Women's Shirring Racerback Tank Maxi Dress with Plus Size Olive XL,True
sony cd player,"HOTT CD511 Portable CD Player, Personal Compact CD Player with Headphones, Anti-Skip/Shockproof for Home Travel and Car, Small Music CD Walkman Discman with LCD Display for Adults Students Kids-Silver",True
sony cd player,Toshiba TY-CRS9 Portable CD Boombox with AM/FM Stereo and Aux Input,True
sony cd player,"Sony Stereo CD/Cassette Boombox Home Audio Radio, Black (CFDS70BLK), 13.7 x 6.1 x 9 inches",False
sony cd player,Portable Sony CD Player Boombox Digital Tuner AM/FM Radio Mega Bass Reflex Stereo Sound System,False
steve madden platform sandal,"Steve Madden Women's Slinky30 Wedge Sandal, Black, 7",True
steve madden platform sandal,"Steve Madden Women's IRENEE-L Sandal, Leopard, 8.5 M US",True
steve madden platform sandal,"Steve Madden Women's Travel Flat Sandal, Clear, 6.5",False
steve madden platform sandal,"Steve Madden Women's Teenie Wedge Sandal, Cognac Leather, 6",False
dell inspiron 15 i5,"2020 Dell Inspiron 15 15.6"" Touchscreen Laptop for Business and Student, 10th Gen Intel i3-1005G1(Up to 3.4GHz,Beat i5-8250U), 8GB RAM, 1TB HDD + 128GB SSD, HDMI 802.11ac Win10 w/HESVAP Accessories",True
dell inspiron 15 i5,"Dell Inspiron 5000 15.6 Inch FHD 1080P Touchscreen Laptop (Intel Core i7-1065G7 up to 3.9GHz, 16GB DDR4 RAM, 512GB SSD, Intel UHD Graphics, Backlit KB, HDMI, WiFi, Bluetooth, Win10)",True
dell inspiron 15 i5,"Latest_Dell Inspiron 15 5000 15.6"" FHD Display Laptop, 10th Generation Intel Core i5-1035G1 Processor, 8GB RAM, 256GB SSD, Fingerprint Reader, Wireless+Bluetooth, HDMI，Window 10",False
dell inspiron 15 i5,"2020 Newest Dell Inspiron 15 5000 Premium PC Laptop: 15.6"" FHD Anti-Glare NonTouch Display,10th Gen i5, 16GB RAM, 512GB SSD+1TB HDD, Intel UHD Graphics, WiFi, Bluetooth, HDMI, Webcam, Backlit-KB,Win10",False
hobart champion 145,"Generac 7676 GP8000E Portable Generator, Orange, Black",False
hobart champion 145,Pulsar G12KBN Heavy Duty Portable Dual Fuel Generator - 9500 Rated Watts & 12000 Peak Watts - Gas & LPG - Electric Start - Transfer Switch & RV Ready - CARB Compliant,False
hobart champion 145,10'' SIDE-BY-SIDE FIXED BASE WELDING LEAD REEL,False
hobart champion 145,"Champion Power Equipment 100554 4375/3500-Watt RV Ready Portable Generator with Wireless Remote Start, CARB",False
polaroid wireless headset,"Bluetooth Headphones, Riwbox CT-7 Cat Ear LED Light Up Wireless Foldable Headphones Over Ear with Microphone and Volume Control for iPhone/iPad/Smartphones/Laptop/PC/TV (White&Pink)",True
polaroid wireless headset,"MindKoo Wireless Headphones Bluetooth, Cat Ear Over Ear Headphones, LED Light Up 7 Color Blinking, Safe Foldable Headset Stero, with Microphone, for Kids Adults",True
polaroid wireless headset,Polaroid PBT83BK Universal Wireless Tangle Free Bluetooth Headphones with Mic Compatible with All Bluetooth Devices (Black),False
pokemon shield nintendo switch,Pokémon Sword + Pokémon Sword Expansion Pass - [Switch Digital Code],True
pokemon shield nintendo switch,PowerA Enhanced Wireless Controller for Nintendo Switch - Pokemon Graffiti - Nintendo Switch,False
pokemon shield nintendo switch,PowerA Pokemon Enhanced Wireless Controller for Nintendo Switch - Sobble,False
nike pegasus 36 women,Nike Women's Zoom Pegasus 35 Turbo AJ4115-301 Size US 8 EU 39 Teal,True
nike pegasus 36 women,Nike Zoom Pegasus Turbo 2 Women's Running Shoe Pink Blast/White-Black-True Berry 11,True
nike pegasus 36 women,Nike Women's Air Zoom Pegasus 36 Echo Pink/Metallic Red Bronze CT1187-600 (Size: 8.5),False
nike pegasus 36 women,Nike Women's Air Zoom Pegasus 36 University Red/Sail/Black/Metallic Gold CT1150-600 (Size: 7),False
calvin klein baby hat,"Calvin Klein Newborn Infant Layette, 6, 8 or 12 Piece Set, Assorted-12",False
calvin klein baby hat,"Zsedrut Newborn Hat Baby Boys Girls Beanies 0-4Months Squinting Rabbit Ears (White Rabbit, 0-4 Months)",False
calvin klein baby hat,"Calvin Klein Baby 5 Pack of Bibs, one-size",False
calvin klein baby hat,"Calvin Klein Baby 3PK Hats, Signature Alphabet Pack, One Size Fits All",False
skechers on-the-go 400,"Skechers Women's ON-The-GO 600-BRILLIANCY Sport Sandal, Black, 6 W US",True
skechers on-the-go 400,"Skechers Women's GO Run 600-SUNRISE Slide Sandal, black, 9 M US",True
skechers on-the-go 400,"Skechers Performance Women's On The Go Cozies Winter Boot, Grey/Black 8.5 M US",False
skechers on-the-go 400,"Skechers Performance on The Go 400-14405 Women's Slip on Shoe (8.5 B(M) US, Black-Grey)",False
yamaha outboard switch key,"DTLgear Universal Outboard Kill Switch Keys - 11 Keys & Lanyard - 60"" Long",True
yamaha outboard switch key,XtremeAmazing 12V Single Engine Key Switch Panel Assembly for Yamaha Outboard Yacht 704-82570-12-00 704-82570-11-00 704-82570-08-00,True
yamaha outboard switch key,RUPSE Outboard Key Switch Panel for Yamaha 704-82570-08-00 (Black Dual Engine),True
monk sugar organic 3lb,"Milliard Monk Fruit Sweetener 1:1 Sugar Replacement, 0 Calories White Monkfruit with Erythritol",True
monk sugar organic 3lb,"Organic Monk Fruit Sweetener with Erythritol Granular - 1:1 Sugar Substitute, Keto - 0 Calorie, 0 Net Carb, Non-GMO (Organic, 2.5 Pounds)",True
monk sugar organic 3lb,"Lakanto Golden Monk Fruit Sweetener - Raw Cane Sugar Substitute, Zero Calorie, Keto Diet Friendly, Zero Net Carbs, Zero Glycemic, Baking, Extract, Sugar Replacement (Golden - 3 lb)",False
monk sugar organic 3lb,"Health Garden Monk Fruit Sweetener, Golden- Non GMO - Gluten Free - Sugar Substitute - Kosher - Keto Friendly (3 lbs)",False
babyganics eczema cream,"The Honest Company Soothing Therapy Eczema Cream, 7 Ounce",True
babyganics eczema cream,Babyganics - Moisturizing Daily Lotion with Chamomile Verbena - 2 Fluid Ounce Bottle - Pack of 3,False
babyganics eczema cream,Babyganics Eczema Care Skin Protectant Cream Bundle - 3 Items: Three 8 oz Creams,False
babyganics eczema cream,"Babyganics Eczema Spot Treatment, 1oz, 2 pack, Packaging May Vary",False
calvin klein flared dresses,"Calvin Klein Women's Flared Pinstripe Pants (16, Twilight)",False
calvin klein flared dresses,"No Nonsense Women's Sport Yoga Pant, Black, X-Large",False
calvin klein flared dresses,"Calvin Klein Women's Sleeveless Pleated Neck Dress with Flared Skirt and Sash Wrap, Seaglass, 14",False
calvin klein flared dresses,"2019 New Women Maxi Dress Autumn Summer Beach Halter Slip Lace Bohemia Casual Long Sleeve Loose Classical Dress (Blue A, S)",False
jack skellington plates,"Party City The Nightmare Before Christmas Party Supplies for 32 Guests, Halloween Decorations, Includes Centerpieces",True
jack skellington plates,"Black and White Party Bundle, Includes Plates, Napkins, Cups, and Cutlery (24 Guests,144 Pieces)",True
jack skellington plates,"Halloween Pumpkin King 3D Illusion Night Light, Anime Table Lamp with Remote Control Jack Skellington Decor for Kids Bedroom, Creative Lighting for Kids and Jack Skellington Fans",False
jack skellington plates,Chawuux Aluminum Universal License Plate Frames - Jack Halloween Skellington,False
molle bottle carrier 36oz,"Barbarians Water Bottle Carrier, Bottle Pouch Holder with Adjustable Shoulder/Hand Strap with 2 Pockets for 16oz 17oz 20oz 24oz 25oz 32oz 40oz, Black",True
molle bottle carrier 36oz,"OYATON Insulated Water Bottle Holder With Strap for 32 oz Water Bottles, Bottle Carrier Bag Case Pouch Cover With 4.7 Inches Pocket for Walking Gym Travel Hiking, Keep Drinks Cool(Exclude Bottle)",True
molle bottle carrier 36oz,"Exo-Tek H2O MOLLE Water Bottle Pouch Hydration Carrier – Use as MOLLE Water Bottle Holder, Water Pouch, Hydration Carrier – Fits Up to 40 oz. Wide-Mouth Bottles (OD Green)",False
molle bottle carrier 36oz,JFFCESTORE Minimalist Adjustable MOLLE Water Bottle Holder Kettle Pouch Belt Bottle Carrier for 17-42Oz Water Bottle (Black),False
toyota corolla accessories,"Motor Trend 923-BK Black FlexTough Contour Liners-Deep Dish Heavy Duty Rubber Floor Mats for Car SUV Truck & Van-All Weather Protection, Universal Trim to Fit",True
toyota corolla accessories,"Motor Trend FlexTough Performance All Weather Rubber Car Floor Mats - 3 Piece Odorless Floor Mats for Cars Truck SUV, BPA-Free Automotive Floor Mats, Heavy-Duty Waterproof Liners (Black)",True
toyota corolla accessories,GEERUI Compatible 4PCS Threshold Protection Sticker Reflective Carbon Fiber Sticker Decorative Door Entry Guard Door Threshold Scratch Pad Film for Co Rolla. (Red),False
toyota corolla accessories,SMARTLINER Custom Fit Floor Mats 2 Rows and Cargo Liner Trunk Set Black for 2020-2022 Toyota Corolla (Non-Hybrid Sedan Models Only),False
columbia vest women,"Columbia womens Benton Springs Full Zip Fleece Jacket, Charcoal Heather, Large US",True
columbia vest women,"Columbia Women's Plus Size Benton Springs Vest, Aquatint, 2X",False
columbia vest women,"Columbia Women's McKay Lake Lightweight Down Puffer Vest (Black, M)",False
honda leaf blower,Landworks Leaf-Snow Blower Wheeled Walk Behind Jet Sweep Manual-Propelled Powerful 7HP 4 Stroke OHV Motor Output Wind Force of 200 MPH / 2000 CFM at 3600RPM Aids in Fire Prevention,True
honda leaf blower,"Craftsman B215 25cc 2-Cycle Engine Handheld Gas Powered Leaf Blower - Gasoline Blower with Nozzle Extension for Lawn Care, Liberty Red",True
honda leaf blower,Makita EB7660WH 75.6 cc MM4 4-Stroke Engine Hip Throttle Backpack Blower,True
honda leaf blower,Honda SSBL 196 MPH VersAttach Powerhead Blower Attachment,False
bmw i8 toy car,"The BMW i8 Spyder, RS Renault at Silverstone, Abu Dhabi Desert Challenge",False
bmw i8 toy car,PowerTRC 1:24 Rastar BMW I8 Concept Remote Control Sports Car | Racing Toy | Silver,False
bmw i8 toy car,HZPOWEN NEW 6 Volt Battery Charger for Child Ride On Car Rollplay Porsche 918 BMW X5 Audi R8 Spyder Kid Trax Disney Frozen White Toddler Wildfire Quad,False
mens prada sport sweater,MOERDENG Men's Waterproof Ski Jacket Warm Winter Snow Coat Mountain Windbreaker Hooded Raincoat,False
mens prada sport sweater,Wantdo Men's Hooded Winter Coat Warm Puffer Jacket Waterproof Long Parka Dark Gray L,False
mens prada sport sweater,LisaJYancey The Devil Wears Prada Hoodie Fashion Sport Hip Hop Hoodie Sweater Pullover Sweatshirt XL Black,False
mens prada sport sweater,"Hurley Men's Phantom Ripstop Curved Bill Baseball Cap, Black/Black, S-M",False
kingston hyperx fury 8gb,Kingston HyperX FURY 4GB 1600MHz DDR3 CL10 DIMM - Blue (HX316C10F/4),False
kingston hyperx fury 8gb,Kingston HyperX FURY 16GB Kit (2x8GB) 1600MHz DDR3 CL10 DIMM - Red (HX316C10FRK2/16),True
kingston hyperx fury 8gb,HyperX Fury 16GB 2666MHz DDR4 CL16 DIMM (Kit of 2) 1Rx8  Black XMP Desktop Memory HX426C16FB3K2/16,False
kingston hyperx fury 8gb,HyperX Fury 8GB 2666MHz DDR4 CL16 DIMM 1Rx8  RGB XMP Desktop Memory Single Stick HX426C16FB3A/8,False
spirit xt385 treadmill,"DR.GYMLEE Folding Treadmill 300 LB Capacity for Home, 15% Auto Incline 3.5 HP Running Machine& Strong Shock Absorption, Easy Assembly & Space Saver for Home Office Workout…",True
spirit xt385 treadmill,"OMA Treadmills for Home 5108EB, Max 2.25 HP Folding Incline Treadmills for Running and Walking Jogging Exercise with 36 Preset Programs, Tracking Pulse, Calories - 2021 Updated Version",True
spirit xt385 treadmill,"UREVO 2 in 1 Under Desk Treadmill, 2.5HP Folding Electric Treadmill Walking Jogging Machine for Home Office with Remote Control",False
spirit xt385 treadmill,XTERRA Fitness TR150 Folding Treadmill Black,True
neutrogena spray sunscreen 100,"Neutrogena Ultra Sheer Face Mist Sunscreen Spray Broad Spectrum SPF 55 Lightweight NonGreasy Water Resistant OilFree NonComedogenic UVAUVB Sunscreen Mist, 3.4 Fl Oz",True
neutrogena spray sunscreen 100,"Neutrogena Beach Defense Sunscreen Spray SPF 50 Water-Resistant Sunscreen Body Spray with Broad Spectrum SPF 50, PABA-Free, Oxybenzone-Free & Fast-Drying, Superior Sun Protection, 6.5 oz",True
neutrogena spray sunscreen 100,"Neutrogena Beach Defense Spray Sunscreen with Broad Spectrum UVA/UVB SPF 100, Fast Absorbing Sunscreen Spray, Water-Resistant and Oil-Free Sun Protection, SPF 100, 6.5 oz",False
neutrogena spray sunscreen 100,"Neutrogena CoolDry Sport Sunscreen Spray, with Broad Spectrum SPF 100 UVA/UVB Protection, Sweat- & Water-Resistant, PABA-Free with a Lightweight, Oil-Free Formula, 5 oz",False
otterbox ipad 10.2,"Hongxinyu Kids iPad Case for iPad 9th / 8th / 7th Generation (2021/2020/2019) 10.2 Inch, Slim Duty Drop Proof Shockproof Protective Cover with Kickstand for Apple iPad 10.2 inch (Grey&Aqua)",True
otterbox ipad 10.2,iPad 10.2 Case - iPad 9th Generation Case Waterproof iPad 8th Generation Case 2020 iPad 7th Generation case 2019 Full Protection Shockproof Anti-Scratch Case with Strap Stand Pencil Holder,True
otterbox ipad 10.2,"OTTERBOX SYMMETRY CLEAR SERIES Case for iPad 7th, 8th & 9th Gen (10.2"" Display - 2019, 2020 & 2021 version) - CLEAR",False
otterbox ipad 10.2,"OTTERBOX DEFENDER SERIES Case for iPad 7th, 8th & 9th Gen (10.2"" Display - 2019, 2020 & 2021 version) - BLACK",False
nike sports bra,"Nike Women's Pro 3"" Training Shorts (Black White, Small)",False
nike sports bra,"Under Armour Women's Armour Mid Keyhole Sports Bra , Black (001)/Metallic Silver , Medium",True
nike sports bra,Nike Swoosh Women's Medium-Support 1-Piece Pad Sports Bra BV3636-084 Size S,False
nike sports bra,"Nike Women's Medium Support Non Padded Sports Bra with Band, White/Black/(Black), Large",False
ugg women pajamas,"UGG Women's Pant, Grey Heather, S",True
ugg women pajamas,"UGG Women's W Duffield II, seal heather, S",False
ugg women pajamas,UGG Women's Stripe Set 1108471 M California Aster Strip,True
ugg women pajamas,"UGG Women's PJ Set with Shorts, LA Sunset Dots, S",False
simalac baby formula,"Gerber Good Start Soothe (HMO) Non-GMO Powder Infant Formula, Stage 1, With Iron, 2’-FL HMO and Probiotics for Digestive Health and Immune System Support, 30.6 Ounces",True
simalac baby formula,"Similac Pro-Advance®* Infant Formula with Iron, 3 Count, with 2’-FL HMO for Immune Support, Non-GMO, Baby Formula Powder, 36-Ounce Cans",False
simalac baby formula,"Similac Pro-Advance Infant Formula with 2’-FL HMO for Immune Support, Ready to Feed Newborn Bottles, 2 fl oz, ( Special Discount Offer)(48 Count)",False
mylab statistics sullivan textbook,"Precalculus: Concepts Through Functions, A Right Triangle Approach to Trigonometry Plus MyLab Math with eText -- 24-Month Access Card Package (Corequisite Course Solutions for Math & Statistics)",False
mylab statistics sullivan textbook,MyMathLab/MyStatLab: Student Version,False
mylab statistics sullivan textbook,"Fundamentals of Statistics, Books a la Carte Edition plus NEW MyLab Statistics with Pearson etext -- Access Card Package",True
mylab statistics sullivan textbook,Interactive Statistics: Informed Decisions Using Data Student Access Kit (Interactive MyLab Math and MyLab Statistics Courses),True
nuwave bravo 10 qaurt,"NUWAVE BRIO 6-Quart Digital Air Fryer (Gourmet/Grill Kit) Easy Controls, 6 Presets, Temperature Probe; Includes Recipe Book, Basket Divider, Grill Pan, Non-Stick Baking Pan and Stainless-Steel Rack",True
nuwave bravo 10 qaurt,"Emeril Lagasse Power Air Fryer 360 Better Than Convection Ovens Hot Air Fryer Oven, Toaster Oven, Bake, Broil, Slow Cook and More Food Dehydrator, Rotisserie Spit, Pizza Function Cookbook Included Stainless Steel",True
nuwave bravo 10 qaurt,"NUWAVE BRIO 3-Quart Digital Air Fryer With Bonus Pan and Frying Rack with One-Touch Digital Controls, 6 Easy Presets, Precise Temperature Control, Recipe Book, Wattage Control, Preheat and Reheat",False
nuwave bravo 10 qaurt,"NuWave Brio 6-Quart Healthy Digital Smart Air Fryer with Probe One-Touch Digital Controls, Advanced Cooking Functions, Removable Divider Insert & Grill Pan (NEW ACCESSORY)",False
goodthreada cardigan wool,"Amazon Brand - Goodthreads Men's Soft Cotton Cardigan Summer Sweater, Black, Medium",True
goodthreada cardigan wool,"Amazon Brand - Goodthreads Men's Supersoft Marled Cardigan Sweater, Denim Large",False
goodthreada cardigan wool,"Amazon Brand - Goodthreads Men's Lambswool V-Neck Sweater, Heather Grey X-Large",True
goodthreada cardigan wool,"Amazon Brand - Goodthreads Women's Boucle Cardigan Sweater, Charcoal Heather, Medium",False
northface winter jacket woman,"OutdoorMaster Women's 3-in-1 Ski Jacket - Winter Jacket Set with Fleece Liner Jacket & Hooded Waterproof Shell - for Women (Black,M)",True
northface winter jacket woman,JASAMBAC Women's Rain Jacket Raincoats Waterproof Lightweight Outdoor Hooded Trench Coats Black M,True
northface winter jacket woman,"The North Face Women's Metropolis Insulated Parka III - Long Winter Coat, TNF Black, M",False
northface winter jacket woman,"The North Face Jim Beanie, Mid Grey/Asphalt Grey, OS",False
seiko kinetic gmt,Seiko 30th Anniversary GMT World Time Limited Edition Watch SPL060 Gold Brown,False
seiko kinetic gmt,Seiko Prospex Padi Solar SNE435P1,True
seiko kinetic gmt,Seiko Prospex GMT SUN061P1 Mens Wristwatch With kinetic movement,True
seiko kinetic gmt,Seiko SUN065 Special Edition Padi Kinetic GMT Diver Watch by Seiko Watches,False
brita bottle filter,"AQUACREST Water Bottle Filter, Replacement for Brita BB06, Brita Hard Sided, Sport and Stainless Steel Bottle Filter, 4 Count",True
brita bottle filter,"Brita Water Bottle Filter, Premium Water Bottle Replacement Filters, BPA Free, 3 Count",False
cuisinart coffee grinder parts,"DR MILLS DM-7451 Electric coffee grinder, Dried Spice, nut, herb Grinder, detachable cup, Dishwashable, SUS304 stianlees steel",False
cuisinart coffee grinder parts,"DR MILLS DM-7441 Electric Dried Spice and Coffee Grinder, Blade & cup made with SUS304 stianlees steel (black)",False
cuisinart coffee grinder parts,Cuisinart Burr Mill Coffee Grinder Electric 8 Oz.,False
cuisinart coffee grinder parts,12-Pack Replacement Charcoal Water Filters for Use with Cuisinart coffee machines,False
